{"name":"cf7e0fa7-224b-4c50-93e1-fb6b01e04da2","id":"/providers/Microsoft.Flow/flows/cf7e0fa7-224b-4c50-93e1-fb6b01e04da2","type":"Microsoft.Flow/flows","properties":{"apiId":"/providers/Microsoft.PowerApps/apis/shared_logicflows","displayName":"HIMSS Patient Discharge Survey Submission","definition":{"metadata":{"workflowEntityId":null,"creator":{"id":"bd2e5513-42e1-4a16-b968-e9c44b160f88","type":"User","tenantId":"6be58f7f-c45d-43f9-89e4-b97ec2a06d8e"},"provisioningMethod":"FromDefinition","failureAlertSubscription":true,"clientLastModifiedTime":"2020-02-24T17:18:21.8425988Z"},"$schema":"https://schema.management.azure.com/providers/Microsoft.Logic/schemas/2016-06-01/workflowdefinition.json#","contentVersion":"1.0.0.0","parameters":{"$connections":{"defaultValue":{},"type":"Object"},"$authentication":{"defaultValue":{},"type":"SecureObject"}},"triggers":{"manual":{"type":"Request","kind":"PowerApp","inputs":{"schema":{"type":"object","properties":{"ParseJSON_Content":{"type":"any","x-ms-powerflows-param-ispartial":false}},"required":["ParseJSON_Content"]}},"description":"This strange trigger allows us to receive data from PowerApps."}},"actions":{"Parse_JSON":{"runAfter":{},"type":"ParseJson","inputs":{"content":"@triggerBody()['ParseJSON_Content']","schema":{"type":"object","properties":{"hospital_id":{"type":"integer"},"patient_treated_type_id":{"type":"integer"},"cleanliness_score":{"type":"integer"},"food_score":{"type":"integer"},"overall_score":{"type":"integer"},"length_of_stay":{"type":"number"},"contact_email":{"type":"string"},"additional_comments":{"type":"string"},"nursing_score":{"type":"integer"}}}},"description":"Parse the incoming JSON data into the variables that will be sent to the data layer. Be careful changing this... its quirky."},"Write_Data_to_SQL":{"runAfter":{"Determine_if_user_entered_email_address":["Succeeded"]},"type":"OpenApiConnection","inputs":{"host":{"apiId":"/providers/Microsoft.PowerApps/apis/shared_sql","connectionName":"shared_sql","operationId":"ExecuteProcedure_V2"},"parameters":{"server":"default","database":"default","procedure":"[dbo].[Insert_DischargeSurvey]","parameters/additional_comments":"@body('Parse_JSON')?['additional_comments']","parameters/allowed_to_contact":"@variables('allowed_to_contact')","parameters/cleanliness_score":"@body('Parse_JSON')?['cleanliness_score']","parameters/contact_email":"@body('Parse_JSON')?['contact_email']","parameters/food_score":"@body('Parse_JSON')?['food_score']","parameters/hospital_id":"@body('Parse_JSON')?['hospital_id']","parameters/length_of_stay":"@body('Parse_JSON')?['length_of_stay']","parameters/nursing_score":"@body('Parse_JSON')?['nursing_score']","parameters/overall_score":"@body('Parse_JSON')?['overall_score']","parameters/patient_treated_type_id":"@body('Parse_JSON')?['patient_treated_type_id']"},"authentication":{"value":"@json(decodeBase64(triggerOutputs().headers['X-MS-APIM-Tokens']))['$ConnectionKey']","type":"Raw"}},"description":"Write the data to our SQL Server instance. Future versions may write to the Common Data Service."},"Determine_if_user_entered_email_address":{"runAfter":{"Parse_JSON":["Succeeded"]},"type":"InitializeVariable","inputs":{"variables":[{"name":"allowed_to_contact","type":"String","value":"@{bool(length(trim(body('Parse_JSON')?['contact_email'])))}"}]},"description":"Determine if the user entered an email address. If so, they consented to allowing to be contacted."}},"outputs":{}},"connectionReferences":{"shared_sql":{"connectionName":"shared-sql-b33c15c8-076d-4168-bd73-eba4bd38025c","source":"Invoker","id":"/providers/Microsoft.PowerApps/apis/shared_sql","tier":"NotSpecified"}},"flowFailureAlertSubscribed":false}}