{"schemaVersion":"1.0","appDefinitionTemplate":{"id":"/providers/Microsoft.PowerApps/apps/","type":"Microsoft.PowerApps/apps","tags":{"primaryDeviceWidth":"1366","primaryDeviceHeight":"768","sienaVersion":"20200224T172253Z-3.20021.29.0","deviceCapabilities":"","supportsPortrait":"false","supportsLandscape":"true","primaryFormFactor":"Tablet","publisherVersion":"3.20021.29","minimumRequiredApiVersion":"2.2.0","hasComponent":"true","hasUnlockedComponent":"true"},"properties":{"appVersion":"2020-02-24T17:22:53Z","lifeCycleId":"Published","createdByClientVersion":{"major":3,"minor":20021,"build":29,"revision":0,"majorRevision":0,"minorRevision":0},"minClientVersion":{"major":3,"minor":20021,"build":29,"revision":0,"majorRevision":0,"minorRevision":0},"backgroundColor":"rgba(12, 193, 169, 1)","backgroundImageUri":"/702224716841561191/Nc517cb2f-4fdd-4750-bec1-2bc2ad82245b-logoSmallFile","displayName":"HIMSS Patient Discharge Survey","description":"SmartterHealth Patient Discharge Survey app.","commitMessage":"","appUris":{"documentUri":{"value":"/702224716841561191/N475e4732-be7f-4884-b549-b08831ea2900-document.msapp","readonlyValue":"/702224716841561191/N475e4732-be7f-4884-b549-b08831ea2900-document.msapp"},"imageUris":[]},"createdTime":"0001-01-01T00:00:00Z","lastModifiedTime":"0001-01-01T00:00:00Z","sharedGroupsCount":0,"sharedUsersCount":0,"icons":{"smallIconUri":"/702224716841561191/Nd3d28e2c-910d-4987-b5d5-6de0065c4d82-small.png","mediumIconUri":"/702224716841561191/Nf5d53582-6f4c-47e6-b36d-faff7bf5178e-medium.png","largeIconUri":"/702224716841561191/N2f7f03c6-17d3-4d16-9d2b-6b12e61927b3-large.png","wideIconUri":"/702224716841561191/N249c55a7-9457-4a35-bd9b-506f10a5b795-wide.png"},"connectionReferences":{"cb3bcc92-c3a6-40a1-a577-6c5d6f30d35b":{"id":"3f8c9b51-7d07-4a65-adcf-67282daf063f","displayName":"SQL Server","iconUri":"https://connectoricons-prod.azureedge.net/sql/icon_1.0.1305.1883.png","dataSources":["[dbo].[hospital]"],"dependencies":[],"dependents":["f1e01854-0ede-46e0-b71f-f8a15bc4ee0b"],"parameterHints":{},"isOnPremiseConnection":false,"sharedConnectionId":"c8da591c-1f46-4650-9d6f-1d6c539a87c7","bypassConsent":false,"dataSets":{"smartterhealth.database.windows.net,ClinicalOutcomes":{"dataSources":{"[dbo].[hospital]":{"tableName":"[dbo].[hospital]"}}}},"apiTier":"Premium","isCustomApiConnection":false},"f1e01854-0ede-46e0-b71f-f8a15bc4ee0b":{"id":"f33158aa-e720-4bf5-aa3b-359f3c61aa77","displayName":"Logic flows","iconUri":"https://resourcestackdeploy.blob.core.windows.net/scripts/13276078.png","dataSources":["HIMSSPatientDischargeSurveySubmission"],"dependencies":["cb3bcc92-c3a6-40a1-a577-6c5d6f30d35b"],"dependents":[],"parameterHints":{"workflowName":{"value":"781ebaa6-928a-41bf-9ebb-ec003f651f2e"},"cb3bcc92-c3a6-40a1-a577-6c5d6f30d35b":{"value":"shared_sql"}},"isOnPremiseConnection":false,"bypassConsent":false,"dataSets":{},"apiTier":"Standard","isCustomApiConnection":false}},"databaseReferences":{},"almMode":"Environment","performanceOptimizationEnabled":false,"canConsumeAppPass":true},"isAppComponentLibrary":false,"appComponents":[]}}